"Iteration","Continuity: Residual","X-momentum: Residual","Y-momentum: Residual","Energy: Residual","Tke: Residual","Sdr: Residual"
1.0,0.11224047813388015,0.4244512749387903,0.29203947197993513,0.11021512084343563,1.0,0.001518531691302619
2.0,1.0,0.4958814783732429,1.0,0.04398178353040876,0.09099650713227232,1.0
3.0,0.5098280491786931,0.4784431029153687,0.8005217734751038,0.8826343304323098,0.07786155048475815,0.6090265052781909
4.0,0.34085368091369384,1.0,0.7770338323737799,1.0,0.16228684561383092,0.35261055789531986
5.0,0.41954884139571463,0.7833199205003104,0.6358948748327534,0.48759568801441167,0.11773163599355667,0.19250423450698784
6.0,0.4942170403834764,0.5219538883514045,0.5471728151906076,0.16656808063486006,0.08972122769759343,0.10295266980120749
7.0,0.570329189789413,0.3575680305396852,0.5164866756149473,0.06425596360473397,0.07307196557830697,0.06324111853329559
8.0,0.8123865099142776,0.295252819334437,0.470807059360071,0.1537525897603005,0.05979691089962113,0.04927914641182604
9.0,0.6603683589271815,0.4586892684677418,0.8546506433597015,0.044970543084247694,0.05001540567554439,0.048498430988166356
10.0,0.3920072567979832,0.30688394191485713,0.42621273097954876,0.041461666587326106,0.04388919515379603,0.044559352200618664
11.0,0.3053351821146395,0.29816636574317285,0.3993634062653663,0.03351477285063667,0.03951524384337921,0.035379993695682725
12.0,0.22780223715979417,0.2470907933004734,0.2967655130808713,0.02541747221936719,0.036055970235786786,0.047068748337246016
13.0,0.2698121468852942,0.2099671993423171,0.26753140701795536,0.029659354922254494,0.033182406026272815,0.04400606779662207
14.0,0.20772393796879557,0.19237573928926655,0.2599064083872977,0.015201111007910268,0.030640108641796518,0.03433301083549961
15.0,0.14192300416206516,0.17618198693071713,0.2539444800191179,0.01251872520007673,0.02834797077743273,0.023714336492011302
16.0,0.12516401947912031,0.16422237943836862,0.24663504362774838,0.011601397414778851,0.02625701252796422,0.015020630689426726
17.0,0.12263345956469188,0.15466921292674138,0.24374269184890768,0.010800304496901007,0.024337370247190526,0.009081533092289188
18.0,0.11108222979735298,0.1472622673076477,0.24288297725476257,0.009835292674675594,0.02256770118225405,0.005308509299505245
19.0,0.11054817477607626,0.14209769251611928,0.243632317808889,0.00910452249567389,0.020934129702032532,0.002986842329438005
20.0,0.08661070905515417,0.13775015435054458,0.24453185574201508,0.008701708083645622,0.019424614491787288,0.0013001783975576657
21.0,0.0744911001533942,0.13402739402053201,0.245687528618916,0.008508564553315369,0.018027206350345958,5.892469234716561E-4
22.0,0.061388948181743196,0.13010141512506404,0.24694991875979871,0.00839424094568668,0.016730744146314015,3.5993643884556974E-4
23.0,0.04948958479917587,0.12620858226680057,0.24897348150502252,0.008130406445826212,0.01552832288896353,2.8150966950738973E-4
24.0,0.040083133741919755,0.1226901743188719,0.25156992256831456,0.007719224919268592,0.014412520529120924,2.6190619261679356E-4
25.0,0.033733233930177714,0.11951403690560852,0.2547488257019006,0.007364636075423805,0.013378442833083917,2.7082532761924655E-4
26.0,0.02925544837573005,0.11682027221950336,0.257546253033975,0.006951438933312868,0.01242151784851801,2.0227579372717751E-4
27.0,0.024635274546641345,0.11546601294601333,0.26123697621725184,0.006620334092065204,0.011536386554065114,1.625086853153784E-4
28.0,0.021685421383864915,0.1138175887074739,0.26257160139379776,0.0060530223353896,0.010717602017870916,1.544271796721735E-4
29.0,0.02005238860759257,0.1119655308994419,0.26321184659299907,0.005653957661935586,0.009958144044179362,1.1636024110619103E-4
30.0,0.017566445909103306,0.11228403019024122,0.26411765099094187,0.005397393093033878,0.009252615429772912,1.0347925166078041E-4
31.0,0.016136338793004586,0.1105631552206264,0.26340656330612083,0.0050960637674650556,0.008594921794739169,1.0201334201336033E-4
32.0,0.014972548670720608,0.10919037046015284,0.2618965829397517,0.004785217799014523,0.00798096992561976,1.032805541406531E-4
33.0,0.013999466578580616,0.10797002496446714,0.2598105549967641,0.004514127022948954,0.00740759372276419,1.0340714299475865E-4
34.0,0.0131032260584309,0.10677078135097805,0.25700455803904043,0.00422841191897475,0.00687312637707129,9.990837818397642E-5
35.0,0.012186014794575024,0.10526977669075395,0.2543702992430316,0.003925922475949082,0.006375542409905957,9.465850058811587E-5
36.0,0.011238214368189265,0.10295668151169499,0.2506304102788345,0.0036763239948022952,0.005914040761020722,8.899820583030644E-5
37.0,0.010272817104877879,0.09986057548199705,0.24646494004485858,0.0035486464643117665,0.00548661202189614,8.29861020815456E-5
38.0,0.009436597853789908,0.09582035651434148,0.24244042341934557,0.003570601635428405,0.005091416084006228,7.52621702849329E-5
39.0,0.008955508177218042,0.09100534658849647,0.23975983211087815,0.0037615871072063053,0.004725615755278505,7.215927171509221E-5
40.0,0.008931755334232036,0.08643021782242544,0.23840872971728555,0.003800796224677537,0.004387196250254343,9.586675044570438E-5
41.0,0.009219816160407181,0.08239066974483328,0.24049409913075798,0.0036455114065146502,0.004073678069063848,1.0309651585383627E-4
42.0,0.009729619395464554,0.07860453525550948,0.24499150805812084,0.003455744090702125,0.003783256348879623,1.051642453720922E-4
43.0,0.01039836424317724,0.07500038135057503,0.24769244933612172,0.0033075456008137827,0.0035136707127502932,1.2043721553828962E-4
44.0,0.011138899577095745,0.07129897824841559,0.25106828373235784,0.0032458405585136275,0.0032628474195027807,1.2577460247031007E-4
45.0,0.012029697069723141,0.06743006614553683,0.25639544071286685,0.0032114634424317873,0.003027679954300726,1.1783695352470933E-4
46.0,0.012201341321437397,0.0636501283745205,0.2632507103099967,0.002898021173389509,0.0028077640002817116,1.3450969420697107E-4
47.0,0.011909194273849644,0.060540153359789135,0.2681314634139551,0.002785848663340189,0.002602882603181973,1.6900982952034664E-4
48.0,0.01202461518983315,0.05669283620319149,0.26904978489946757,0.00275150604225887,0.002418796434736337,2.0138156768080226E-4
49.0,0.011761816733684524,0.05308801307041281,0.268521544039522,0.002679651145964436,0.0022490802358805305,2.755897922417469E-4
50.0,0.011413544317013706,0.04990320083379956,0.26494738655579153,0.0026290066221962695,0.0020904358978507177,6.000853698161546E-4
51.0,0.010905308476088074,0.04692764193885027,0.2584480137869487,0.0025924195845988987,0.0019445691559458118,0.0010286552855055815
52.0,0.010301874967656765,0.044272274847535424,0.2498066935790211,0.002519800801646639,0.0018088481260038483,0.0010228414189060433
53.0,0.009575609996322699,0.04180827149779139,0.2389199583498663,0.0024619990769608273,0.0016841238742043756,8.63990295463743E-4
54.0,0.008811152550592925,0.039534883891287995,0.22598098426261864,0.0024307012919211495,0.001569446731975814,7.979388000566571E-4
55.0,0.008026879311166196,0.037428316534899905,0.21206287244788694,0.002374768970214883,0.0014644075280754614,0.0010547989997881477
56.0,0.007293996724947077,0.03572105634399695,0.1972648501187095,0.0022620709128600446,0.0013678545819900223,0.0014871251427888443
57.0,0.0066069622970440015,0.034028467384391824,0.1818065820655714,0.002192321438143077,0.0012790472149794053,0.0013752502049120111
58.0,0.0059510781371130824,0.032451252954333806,0.16646483878515264,0.002122417585687233,0.0011971599223222038,0.0013866580386666435
59.0,0.005403258224129848,0.03076140805373555,0.15185423051658803,0.0020485571447343334,0.0011210332785081673,0.0017024713411458294
60.0,0.004888855213109567,0.029018495676818738,0.1376385458377434,0.0020036636559217047,0.001050144991730563,0.0021040048467738195
61.0,0.004453594188364144,0.027141020989483757,0.1241289474245439,0.0019974816138041526,9.849310511743374E-4,0.0018435217001435704
62.0,0.004121735145675043,0.025050200415963137,0.1121258678880808,0.00198591220278282,9.253093829488307E-4,0.001071134070799575
63.0,0.0038882338723976104,0.022996852822653156,0.10185011233398517,0.0020196655790573627,8.709899332294914E-4,0.001033709146129175
64.0,0.0037205796815328435,0.021255175618399607,0.09294391746222244,0.001960730125325324,8.210558711509609E-4,0.0011494280047329925
65.0,0.003546612161088315,0.019848833137956042,0.08503409127418801,0.0019232423522630667,7.750392837874043E-4,0.0011326708652605127
66.0,0.0033633306904118907,0.018600022130934927,0.07799354215898724,0.0018364132789805226,7.326098846039335E-4,0.0010606128580915354
67.0,0.0031800758609234663,0.01758045798243713,0.0715822727243917,0.0018640881674866737,6.935952078768259E-4,0.0014514705454692035
68.0,0.0031317985678107944,0.016669347433123816,0.06598620807071047,0.0018326121117979769,6.582954491503688E-4,9.334723465651154E-4
69.0,0.0028857943651257826,0.015725625451874083,0.061148068709133516,0.00179549231188666,6.267926012347602E-4,4.2219821901727967E-4
70.0,0.0029165350912496004,0.01492578805242071,0.056920162549222074,0.001839876882526062,5.990397770609505E-4,2.664738846954094E-4
71.0,0.002721732310618706,0.014102271468608157,0.05353110041153136,0.0017860482653249805,5.743239589206708E-4,1.7875299390240313E-4
72.0,0.0027963914004531247,0.013524281115163505,0.050234733483008054,0.0017987134643683968,5.520273450473157E-4,1.8317095785875355E-4
73.0,0.0026497383124610176,0.01290561192874855,0.04730458668878899,0.0017678009198380349,5.316325042238525E-4,1.3131021109005783E-4
74.0,0.002512917946749026,0.012297538332738427,0.044316463286689915,0.0017401975555239103,5.128341730349223E-4,1.0865435543652766E-4
75.0,0.002421664840546778,0.011654847224433556,0.041320371176169726,0.0017102846024457906,4.956740050583609E-4,1.1480518282790848E-4
76.0,0.002313083066980653,0.011139919650632471,0.03840082617541462,0.0016709159447448447,4.8053776517519123E-4,1.248704974755138E-4
77.0,0.002301162191529128,0.010669830622760643,0.03580086611541584,0.001655965697692357,4.675989089104266E-4,1.0916141860623332E-4
78.0,0.0019272873136521548,0.01058894197335235,0.03320751678062174,0.0016432820445353702,4.56580193062405E-4,9.919280350330424E-5
79.0,0.0019849680803720603,0.010209686952582776,0.03075298257281413,0.0016294093540424185,4.475405095202862E-4,1.0569344006558847E-4
80.0,0.0018349228665346102,0.009854811149258336,0.027988202967823485,0.001624155203195219,4.39519520817483E-4,8.418048094726775E-5
81.0,0.0016486676555952364,0.00955220804320264,0.025117068452000672,0.0015974618485866936,4.317972145762178E-4,5.966796418508985E-5
82.0,0.001456509000813606,0.009378893459458023,0.022326210734428295,0.0015939014224974964,4.2431624643652185E-4,6.122554145460814E-5
83.0,0.0012100924995852031,0.009291256632632552,0.01971744050683846,0.0015912872377779788,4.1685636175842536E-4,7.013948030673312E-5
84.0,0.0011650615245308727,0.00912944797638967,0.01781978304396027,0.001558559662809283,4.098425909086756E-4,8.041810279660547E-5
85.0,0.001087892180231527,0.008958336340615648,0.01592920155961473,0.00156472191399942,4.0362949164344066E-4,8.29171493878091E-5
86.0,9.878469425542013E-4,0.008745247381780806,0.013967555461233742,0.001552138871571339,3.982126902853995E-4,6.486955452005171E-5
87.0,9.299480901919378E-4,0.008539842906518724,0.012661901431783895,0.0015501081666326737,3.93503301470281E-4,3.975198445957135E-5
88.0,9.320964138644759E-4,0.008292364399632378,0.0115734020643176,0.0015676900947875745,3.8942038286337666E-4,3.615000665838939E-5
89.0,9.341725746932317E-4,0.007962581970029525,0.010754195015542334,0.0015800745889781474,3.8612886020925134E-4,3.544848328592051E-5
90.0,9.600652789220345E-4,0.00771631120808825,0.010330691155417522,0.0015482408069887187,3.8328816477730505E-4,3.607965097021573E-5
91.0,9.90767469084721E-4,0.007523399016935453,0.010077643612266561,0.001551113956851319,3.8002258603449897E-4,3.773663468039323E-5
92.0,0.001006953969581274,0.00733712629820452,0.010021004316215503,0.001543169835054226,3.764760235374937E-4,4.0238871806520655E-5
93.0,9.98064873725533E-4,0.00717356910922088,0.009974592595699008,0.0015292318298615948,3.7265298896607376E-4,4.334839195359862E-5
94.0,9.958935965405189E-4,0.007031352327224168,0.010090543636583226,0.0015311599772900454,3.686329262466776E-4,4.7138046880080596E-5
95.0,0.0010347906857211243,0.006917703909921679,0.009963101573508121,0.0015363299681923066,3.647515288340244E-4,5.115506399035183E-5
96.0,9.5498624661465E-4,0.00676916495702423,0.009946842886283542,0.0015369858658646957,3.6109817344466463E-4,5.438178791613389E-5
97.0,0.001008092811661624,0.006677127317855842,0.009934002464283232,0.0015230035725577612,3.576293593783303E-4,5.411332437027528E-5
98.0,9.751304775348867E-4,0.006607977822860512,0.009783272656736659,0.0014895413406442685,3.5460429197132636E-4,4.8599909816886936E-5
99.0,9.334025336891783E-4,0.006551785958846381,0.009595103601121216,0.0014995588076197686,3.5201229919730936E-4,3.9945970151704764E-5
100.0,9.012604908865832E-4,0.006489430687252041,0.009471231570464277,0.0014936474147485748,3.474218252161461E-4,3.523930837949352E-5
101.0,8.798333914400446E-4,0.00646276524637642,0.009555364252389814,0.0015075324485159497,3.442394738079173E-4,3.7454153253922306E-5
102.0,7.585033681751742E-4,0.006462898170982323,0.00961779644467228,0.001499609515191749,3.4223284855636367E-4,4.2959450448336624E-5
103.0,7.649275100350382E-4,0.006427984638015963,0.009512371682802048,0.0015093590752254466,3.396955083520175E-4,4.940290814856624E-5
104.0,7.248828420935089E-4,0.006402612110971781,0.009271369747780464,0.001499037265911184,3.364152905856923E-4,5.6915078489752566E-5
105.0,6.759348410772511E-4,0.006338361218458858,0.009105816325639312,0.0014890023961008695,3.3212699136046206E-4,6.490484205425159E-5
106.0,6.596546181259686E-4,0.0063492945382620505,0.008994112995473043,0.001489299806939872,3.280282905420724E-4,7.08890719283906E-5
107.0,6.469654149614546E-4,0.006329405919022704,0.008973981804142878,0.0014937589658408992,3.2357742359885355E-4,7.328589617511642E-5
108.0,6.316853132566828E-4,0.006289606239890172,0.008893437139000862,0.0014748467201475706,3.2012488271840366E-4,7.449848512917727E-5
109.0,6.243109382316429E-4,0.00623523875033605,0.008749562719411378,0.001470500097457832,3.104974181951356E-4,7.656765119969329E-5
110.0,6.300445596609504E-4,0.006148557828642264,0.008678314870807903,0.0014682789648806842,3.328981754041018E-4,7.104326778277991E-5
111.0,6.391899536610467E-4,0.006041672698316859,0.008639270979240495,0.0014496251566355669,3.0860313464188836E-4,4.94908165361015E-5
112.0,6.470854181504132E-4,0.005976362344226044,0.008498896364098939,0.0014696863237301735,3.1587285955804684E-4,4.295673628907937E-5
113.0,6.487457183519358E-4,0.005884149674535767,0.008466455957690194,0.0014653645876199577,3.090121135969859E-4,5.074674384291827E-5
114.0,6.544490979891312E-4,0.005779372256626811,0.008413303653518707,0.0014698766220208085,3.0817195365359445E-4,6.250062901355019E-5
115.0,6.648332576829769E-4,0.005702641945901685,0.00827848658361526,0.0014752217237441452,3.053189839675051E-4,7.205733968659688E-5
116.0,6.686708066973451E-4,0.005620523806229601,0.008269412436127988,0.0014617012143293858,3.0386538151959777E-4,6.882223442542204E-5
117.0,6.784540938431106E-4,0.005553430890745958,0.008261619724817273,0.0014834597275835933,3.0048147440014093E-4,4.452926754902743E-5
118.0,6.93219420674829E-4,0.005497793678724598,0.008285282937457963,0.0014802156344524784,2.971099701359669E-4,4.1037447643882317E-5
119.0,7.042400253264426E-4,0.005392851091379308,0.008126908957277081,0.0014673238700998845,2.9275923925815183E-4,4.832297278927785E-5
120.0,7.269053658109911E-4,0.005365826052592781,0.008056722427178723,0.0014434635076245787,2.885901830777764E-4,5.9703724941302206E-5
121.0,7.507622458370252E-4,0.005311763007325944,0.008064926380797692,0.0014609295749683621,2.847777864608344E-4,7.421706331867012E-5
122.0,7.59291778574662E-4,0.005229838680139815,0.008130890994143238,0.0014616925086870936,2.7974859216536554E-4,8.971700245689564E-5
123.0,7.691846713342575E-4,0.005181474208642444,0.008169736077533121,0.0014741643326902443,2.7369140937774476E-4,9.886729285586475E-5
124.0,7.75093549168347E-4,0.0051486799800512534,0.008218315691460679,0.0014716481382740184,2.67710395959968E-4,9.863980262862222E-5
125.0,7.711228528493333E-4,0.005089142453174513,0.008212129833480174,0.0014780356725125113,2.610719474234002E-4,9.254790847048343E-5
126.0,7.624862229267991E-4,0.00503703763469097,0.008263459975884013,0.001474665374519649,2.5460298421300833E-4,6.385844933381734E-5
127.0,7.549939138755015E-4,0.004999201996326519,0.008253138245711186,0.00145859985612906,2.480112636219107E-4,4.9645069481252874E-5
128.0,7.331764180092874E-4,0.004906582530554819,0.00827182988103448,0.001472810618196197,2.4159408573773446E-4,5.671494625037195E-5
129.0,7.097329853843342E-4,0.004827879996029659,0.008273835908541832,0.0014663806036066646,2.3439432080344012E-4,6.856954314686544E-5
130.0,6.611715148366067E-4,0.004705414903535668,0.008246791290175868,0.0014588309006622127,2.2723055865005228E-4,8.190954542616446E-5
131.0,6.313483616650224E-4,0.00464005310008328,0.008332412164671956,0.0014595734803535786,2.2008425800474802E-4,9.392838245389619E-5
132.0,6.07226178196832E-4,0.004559874263918834,0.00825823036210324,0.0014593148207579247,2.127464061616845E-4,9.544238916970829E-5
133.0,6.045912528611915E-4,0.004525593024501647,0.008218728738763385,0.0014676774929515822,2.063301014491362E-4,8.064850467626121E-5
134.0,5.882275948823439E-4,0.004461733698381016,0.008172630973778518,0.0014722815495336282,1.999392561625467E-4,6.778810686419563E-5
135.0,5.766464336034971E-4,0.004376764704778227,0.008040286368629333,0.0014639109704439545,1.9341795221114485E-4,7.039658097505628E-5
136.0,5.711485177846542E-4,0.004299124448337539,0.007976291386217688,0.0014500984579996214,1.8701491937338035E-4,7.511425855546133E-5
137.0,5.549085979340559E-4,0.004212518403829197,0.007906582188493754,0.0014613483044717433,1.810997836152567E-4,8.106552237209469E-5
138.0,5.510919575219685E-4,0.004162262623176844,0.0077501876638656235,0.0014939972043239366,1.754731049734551E-4,7.32422584476146E-5
139.0,5.449867064788545E-4,0.004108711723705194,0.007618452194246082,0.0014942259823155588,1.7182897442488294E-4,4.469131173192905E-5
140.0,5.350932534863867E-4,0.004003789145058307,0.007553795090484019,0.0014623290685531196,1.6491909265330565E-4,4.386147112463635E-5
141.0,5.219948246510702E-4,0.0039022049008171165,0.007453907420365384,0.0014701976276395448,1.6094380435231246E-4,4.970418723883198E-5
142.0,5.0985654847702E-4,0.0038308595719365743,0.0073412950168262586,0.0014368077256880717,1.5829708439392615E-4,5.75167479332331E-5
143.0,4.939488003140897E-4,0.0037329898669590605,0.007268918672505798,0.0014430994034444393,1.5175451119092443E-4,6.627934481142253E-5
144.0,4.802070543486379E-4,0.0036829243282279485,0.007058392271395306,0.0014530225030348286,1.469445873135386E-4,7.29041359234869E-5
145.0,4.630775507332135E-4,0.0035963091020079032,0.006925864778014354,0.00142270726233819,1.4259272822457312E-4,7.092013076418577E-5
146.0,4.572133830503433E-4,0.0035700722960050977,0.006779183455315595,0.0014607619743654753,1.3753954211289765E-4,5.836351195956976E-5
147.0,4.386676163344053E-4,0.003499210164852391,0.006645256576407979,0.0014386358624370143,1.3333362997094907E-4,4.886311840026312E-5
148.0,4.0984935800353204E-4,0.0034347889841117208,0.006524040177725967,0.0014719945233856722,1.2960317718805606E-4,5.342847745409067E-5
149.0,3.915258964741881E-4,0.0033939867567428493,0.006387193773432605,0.0014672664039264713,1.2617177983693898E-4,5.6681033996769506E-5
150.0,3.785318767880221E-4,0.0033191432469043083,0.006242695462196073,0.0014429233888576386,1.2292496811864374E-4,4.791498757730191E-5
151.0,3.5632641974251805E-4,0.0032638255170534393,0.006081772303099337,0.001456461483737961,1.1982426891925086E-4,5.096203781160559E-5
152.0,3.417956268728339E-4,0.0032145785402752083,0.0058850490255688,0.0014749867723193712,1.1682634134217463E-4,5.464224819239866E-5
153.0,3.4196721591564055E-4,0.0031624430469184015,0.0057639980412939,0.0014545334229661142,1.1395117231613142E-4,5.5567345000704984E-5
154.0,3.320348483247315E-4,0.0031381292345646866,0.005596220777631322,0.0014576849034974857,1.1114945188984636E-4,5.1366872212134246E-5
155.0,3.2984096702903554E-4,0.003105090916277566,0.005509539588063097,0.0014759302262075534,1.0852931501083906E-4,4.0266593859524575E-5
156.0,3.2510532261689117E-4,0.003044861713355661,0.005408248799994093,0.001467188751528266,1.0594081654907557E-4,3.299700882752358E-5
157.0,3.198597741554325E-4,0.0029886862851744816,0.005368389412040325,0.0014735037242930588,1.0339814591858429E-4,3.6418684218086996E-5
158.0,3.1720610572817844E-4,0.0029563196524286703,0.005295270374678504,0.0014565594458144703,1.0088442173307224E-4,4.1512555825701246E-5
159.0,3.0886472302761104E-4,0.0029054006765772706,0.005207472326479319,0.0014560660758253985,9.837994580234398E-5,4.713273963766069E-5
160.0,3.012634323999127E-4,0.0028507817585336956,0.005090774258283946,0.0014794319936689334,9.593951758364427E-5,5.2476307475411916E-5
161.0,2.967218510222764E-4,0.002794683060753722,0.005055038154572465,0.0014647387317276808,9.342098052486296E-5,5.634066845813395E-5
162.0,2.9501129229696346E-4,0.0027641534873108758,0.00500029478521363,0.001458731702986429,9.103861523105246E-5,5.0497059499625856E-5
163.0,2.9680515327742187E-4,0.0027104222148600695,0.005104192421192081,0.0014352211137933532,8.872170494940337E-5,4.819228321041956E-5
164.0,2.9111984342924415E-4,0.0026582217345631925,0.004941739347358762,0.0014633796830420232,8.64575214185857E-5,4.62158648206229E-5
165.0,2.820079936141267E-4,0.0026131773054429612,0.004872458365834262,0.0014587126984206633,8.414313519909951E-5,3.9953573627893546E-5
166.0,2.8521069047116715E-4,0.002591296368828061,0.0048881419861242495,0.0014507913128036477,8.165733820300696E-5,2.8780288531024582E-5
167.0,2.8447191989061573E-4,0.0025632407763709303,0.004873892873723394,0.0014532241297398028,7.919919550027638E-5,1.8928803525067107E-5
168.0,2.8498963539499934E-4,0.002493723718560393,0.004846244066194027,0.001459256658227421,7.684676344007375E-5,1.4431110305540162E-5
169.0,2.9593350082676365E-4,0.00248158229442265,0.004910171139596273,0.0014403183292450716,7.451822849862511E-5,1.381611749868877E-5
170.0,2.9959220073671734E-4,0.002450715861585323,0.004984457021832261,0.0014466533071326993,7.214535336071522E-5,1.5362382482834836E-5
171.0,2.9944314861664973E-4,0.0023687504799069625,0.004909912936775609,0.0014524890211628084,6.978440714585736E-5,1.4089621911129852E-5
172.0,2.9646089353735664E-4,0.002327547652145077,0.004932763110301853,0.00144571765882262,6.766784883501625E-5,9.280819213933503E-6
173.0,3.0478264583078005E-4,0.0023009647032577797,0.0049159556553144594,0.0014570614627673266,6.560755417336137E-5,8.55325451876092E-6
174.0,2.977054967658598E-4,0.002285017508371771,0.004848729999330457,0.001456425307232251,6.356638749708429E-5,8.783979577923795E-6
175.0,3.021664747979315E-4,0.002232603997142804,0.004857221262083875,0.001432979599635489,6.167266368016608E-5,9.035367712504963E-6
176.0,2.915170335575607E-4,0.002195015187025258,0.004814907922683959,0.0014556422035086427,5.976533310503209E-5,1.0881712550733625E-5
177.0,2.8890383201791645E-4,0.0021418638842955143,0.0048107940570786874,0.0014583239789726192,5.801694105277896E-5,1.1457566446008092E-5
178.0,2.837319532395983E-4,0.002104695517342404,0.0046851346183479576,0.0014574649326001344,5.6236390493629194E-5,1.1131349082755272E-5
179.0,2.834744295083463E-4,0.0020687968527651566,0.00466975379965914,0.001456319140302046,5.46639939725066E-5,1.2548140975064785E-5
180.0,2.8410129204550007E-4,0.0020461152038977162,0.004679849579369014,0.0014657445093618385,5.317486047991811E-5,1.2726984307571949E-5
181.0,2.8997462486037083E-4,0.002000754932111082,0.004660993383708134,0.001452181339592501,5.1513108310650846E-5,1.4565922281222913E-5
182.0,2.881685370285639E-4,0.0019756401001384126,0.00461139981048001,0.0014426406743205814,5.0036468165416367E-5,1.601672064336781E-5
183.0,2.805850484140969E-4,0.0018704155316228899,0.004525959198235041,0.0014421631715869525,4.853066083824558E-5,1.8636368892044192E-5
184.0,2.8563006773463126E-4,0.0018624035159660827,0.004537794470337445,0.0014450505097015353,4.7049275569438304E-5,1.7469946835147953E-5
185.0,2.805295723244911E-4,0.0018387395758396562,0.004440273985147904,0.001461059744072587,4.5635568808540585E-5,1.7751792783171084E-5
186.0,2.8109191462989566E-4,0.0018300799557492775,0.004397503688211923,0.001439030397014262,4.451889596842539E-5,1.6226216151232845E-5
187.0,2.666648219860757E-4,0.0017488023529581003,0.004334420602028856,0.0014288153708945188,4.334489785451402E-5,1.4300666011444075E-5
188.0,2.625851799887456E-4,0.001722297080098255,0.004241361596412777,0.0014504186849419718,4.211079044874652E-5,1.4148648263606741E-5
189.0,2.5852154249449843E-4,0.001655531312699036,0.004153146338274725,0.0014307282148866883,4.068390583668965E-5,1.2809060285081745E-5
190.0,2.58565800415641E-4,0.0016257158526625163,0.004085051362439937,0.0014518823228852951,3.95150616890457E-5,1.2948526249238267E-5
191.0,2.5429735624352546E-4,0.0015945771272011461,0.004021163203341684,0.0014447066461035574,3.842722892949577E-5,1.0416244389864015E-5
192.0,2.5456020572327455E-4,0.0015777395067457227,0.004022341507020687,0.001446944611457831,3.7365091844455624E-5,9.904883064870587E-6
193.0,2.4782688238095393E-4,0.0015275444270032824,0.0038333860039490015,0.0014454498167957377,3.6321444559970643E-5,7.4130701077086975E-6
194.0,2.2938602982431111E-4,0.0014738618805916724,0.0037195130705007834,0.001459862890440432,3.53147007219994E-5,6.041406308013679E-6
195.0,2.3184822201798952E-4,0.0014743116494278382,0.003657068445248053,0.0014560456505672312,3.4343821087916096E-5,4.88461644122488E-6
196.0,2.2647444371004326E-4,0.0014396757577917773,0.0035485971929313663,0.0014746306203697991,3.342349268428819E-5,4.083983610171006E-6
197.0,2.2410455139607678E-4,0.0014431622646583553,0.0034621256076968654,0.001439561365462782,3.2540801704711634E-5,3.403180162209924E-6
198.0,2.1495071989538367E-4,0.0013822053130044443,0.0033765803394554886,0.001421723928142666,3.169784519397574E-5,2.8227511302940495E-6
199.0,2.1636371777363538E-4,0.001376000838960149,0.0033357655970127674,0.0014325913824871086,3.089458730878389E-5,2.436895620590416E-6
200.0,2.077229608093966E-4,0.0012978791522346923,0.0031959201494932443,0.0014389840780975793,3.01361026037145E-5,2.1369599687476456E-6
201.0,2.045734474082694E-4,0.00128267801023174,0.0030975716163823943,0.0014500253286591307,2.9415855420150562E-5,2.0833541113697044E-6
202.0,1.986156831608042E-4,0.001279638444858233,0.0030319111441170685,0.0014452046169090211,2.8741494841423424E-5,1.917690540730279E-6
203.0,1.987337913992939E-4,0.0012578714900407025,0.0029546481057054793,0.001462389304827466,2.810033006386928E-5,1.8320823707400233E-6
204.0,1.9879499644346249E-4,0.0012116528369379624,0.0029140624964416892,0.0014410808927549199,2.7488782084733084E-5,1.9307880479370316E-6
205.0,1.885706178768183E-4,0.001194631224681317,0.002841831317512663,0.0014470336192703062,2.69053551773505E-5,1.9167275275717555E-6
206.0,1.8795547715235312E-4,0.0011520798708144016,0.002761219655120768,0.0014483754225783603,2.634830546782783E-5,1.903866287107836E-6
207.0,1.86223100363485E-4,0.0011132407581389175,0.0026938866011844303,0.0014296920968474144,2.5817994955895762E-5,1.8518478879525774E-6
208.0,1.817938431592933E-4,0.0011252593675245615,0.002633987793672581,0.001451766277823761,2.5313056463588436E-5,1.7840942748861032E-6
209.0,1.783469168384416E-4,0.0011007272480720678,0.0024841155063188344,0.0014329042798810073,2.484371382929896E-5,1.7339972914298695E-6
210.0,1.8298967468920594E-4,0.0010662637488419225,0.002474915526828072,0.0014618755340789014,2.4393935450369406E-5,1.563084431996112E-6
211.0,1.8028910525065876E-4,0.001048900428974638,0.0023816262934587135,0.0014737616291627177,2.396527582553539E-5,1.4878009192475062E-6
212.0,1.7501290615266234E-4,9.911726144065684E-4,0.0023914600250548057,0.001462812383544997,2.355645305452973E-5,1.435805887556981E-6
213.0,1.737256028198726E-4,0.0010094687199472734,0.0023985820158091086,0.0014444590566955796,2.31180368907942E-5,1.5498883965037407E-6
214.0,1.7030297546598001E-4,0.0010275213468517216,0.0022493871476207392,0.001437824964489499,2.2748397052098532E-5,1.508394454196294E-6
215.0,1.7230312815147344E-4,9.917575896042394E-4,0.0022014306107553906,0.001464039822993895,2.2388045692450925E-5,1.2446923410330895E-6
216.0,1.613823272513834E-4,9.9725542728723E-4,0.002051389052133864,0.001457525893158279,2.205928017501429E-5,1.4018892751412504E-6
217.0,1.6692158969523532E-4,9.735813792514989E-4,0.002191541774773316,0.0014659887078705847,2.1890226862764423E-5,1.423124166656627E-6
218.0,1.58706237642456E-4,9.777220677796338E-4,0.002072503404365184,0.0014396599885007767,2.1629727175568545E-5,1.302153991933858E-6
219.0,1.7389392647611758E-4,0.0010330513775182793,0.002061103765673254,0.0014484919663875597,2.127280948362907E-5,1.1625788623956022E-6
220.0,1.632317625573816E-4,9.924361435936914E-4,0.0020017197655082327,0.0014783342088839056,2.104548504579153E-5,1.349102003833471E-6
221.0,1.6188547940535814E-4,9.180930180367834E-4,0.0020276083847072723,0.0014546159424674923,2.065637135204776E-5,1.4066659118651022E-6
222.0,1.611135606042214E-4,9.168086654211867E-4,0.001900100747707412,0.0014547830075566396,2.04038857793198E-5,1.268453556630192E-6
223.0,1.6311760239422064E-4,9.645829845304792E-4,0.0019176524547105723,0.0014721607546485606,2.0178214569006425E-5,1.1667672982577095E-6
224.0,1.5457000947135348E-4,9.20661681470544E-4,0.0017794988817441558,0.0014677443245113245,1.9950727760356817E-5,1.1006432400775213E-6
225.0,1.6075129286782149E-4,9.655718772529469E-4,0.001816242454167226,0.0014614349953948897,1.9638510426091233E-5,1.0910915756147914E-6
226.0,1.5926315454191693E-4,9.206797158939392E-4,0.0017616453754214997,0.0014589240886850499,1.9446223727198907E-5,1.2453033691628347E-6
227.0,1.4123070536042158E-4,8.51719050520198E-4,0.001690045611385108,0.0014190986423660353,1.92352544673281E-5,1.2538548778008035E-6
228.0,1.4999961848673006E-4,8.951610040851359E-4,0.0017409753559424514,0.0014358594026430407,1.901898582568714E-5,1.0557773198566236E-6
229.0,1.6243656770251175E-4,9.114429121251049E-4,0.0018537129703017079,0.0014466984578737911,1.8755671096547473E-5,1.1705824941655343E-6
230.0,1.514531994920812E-4,8.252099895879518E-4,0.0016570612502272667,0.0014446377522766983,1.8489833361469315E-5,9.139563224915635E-7
231.0,1.5345325320908815E-4,8.776146076391078E-4,0.0016891809568023231,0.001433417632718054,1.8297253240603835E-5,1.0536501673615392E-6
232.0,1.3932414190112428E-4,8.250525799311576E-4,0.0016544308088889538,0.0014444230536645847,1.816898049856138E-5,8.567836952662087E-7
233.0,1.4897701836023814E-4,7.833431070495977E-4,0.0016785374343819672,0.0014498401476527565,1.8037527963298345E-5,1.0400003597560636E-6
234.0,1.4392424375203199E-4,8.377854120303763E-4,0.0015961916476467677,0.001438948627671891,1.7914209055525273E-5,8.451165309374548E-7
235.0,1.4648930315979195E-4,8.166094973249165E-4,0.0015405692223980053,0.001438516044168964,1.7776895921070822E-5,1.0125856316791147E-6
236.0,1.4870818447399644E-4,8.768825139001539E-4,0.001663024162923656,0.0014484165930309292,1.7629027072644992E-5,1.0061000996047326E-6
237.0,1.4643101165676776E-4,8.472122834371653E-4,0.0016905007744206272,0.0014530205405709278,1.7476530734276074E-5,7.155492386622101E-7
238.0,1.5026533734121885E-4,8.14916350173355E-4,0.001653617571372511,0.001443970557210059,1.7333333093428848E-5,9.655900042305396E-7
239.0,1.5058645511642913E-4,8.652584982164857E-4,0.0015095380090309675,0.0014523142561183435,1.7194927378014017E-5,1.0167054467394617E-6
240.0,1.4552299915535373E-4,8.619346288352736E-4,0.0015220714064376785,0.0014487624715694382,1.7062111549266047E-5,8.4954275951708E-7
241.0,1.4004890237778693E-4,7.929242885580341E-4,0.0014428997995765713,0.001465758855815115,1.6942585472146063E-5,9.720446903373824E-7
242.0,1.4566485918737768E-4,8.07104287403055E-4,0.0015176758793799322,0.0014506364009880296,1.681677880786171E-5,8.527945613329461E-7
243.0,1.4350500962480816E-4,8.256673873435863E-4,0.0014242547035813228,0.001451429720020196,1.6705357381927803E-5,9.751413657815111E-7
244.0,1.4365694002437538E-4,8.001833711009458E-4,0.0015513134762347904,0.0014656748918126115,1.659009638532004E-5,9.117879013824488E-7
245.0,1.5169762445268713E-4,8.546353810734238E-4,0.0016670959664011646,0.0014497345249982524,1.6393343495746628E-5,6.764222469267329E-7
246.0,1.4316588811692657E-4,8.018428647796278E-4,0.0015361533452694085,0.0014363391891888486,1.633185889888484E-5,7.920236503913712E-7
247.0,1.561796223374098E-4,8.04723271491652E-4,0.001523749431678718,0.0014660231473756736,1.626402067396527E-5,6.51974678678065E-7
248.0,1.5070274290631926E-4,8.215836745002497E-4,0.001419651846273721,0.0014611292557845407,1.621008199451497E-5,8.300898679263851E-7
249.0,1.449918328108872E-4,8.143751076771657E-4,0.0015569332455539573,0.0014563469726024967,1.6152858640197497E-5,8.615642707606036E-7
250.0,1.4123610268769316E-4,7.608910798093977E-4,0.0015509291767391738,0.0014335624080590097,1.6104652034414854E-5,7.998779599710091E-7
251.0,1.3494053819589362E-4,7.8488066351592E-4,0.0014785001388284951,0.0014528603889471553,1.6085684503546637E-5,5.88964428194274E-7
252.0,1.4282871168569248E-4,8.041347825152306E-4,0.001429291945664248,0.0014690551887681597,1.6064881406856058E-5,7.366924182527117E-7
253.0,1.463721463302057E-4,8.390530483109086E-4,0.0015584379139426962,0.0014542720515665973,1.604223995643596E-5,6.066355210650524E-7
254.0,1.3835303823817236E-4,7.578074818902282E-4,0.0014188888985390978,0.0014613264120510276,1.601509835262304E-5,7.927880330409948E-7
255.0,1.482003350639446E-4,7.939471618037901E-4,0.001456808616292955,0.0014625034336359281,1.5980282923522497E-5,8.417350851079445E-7
256.0,1.4511930103078044E-4,7.789264118252124E-4,0.001421758691279504,0.0014297326899840185,1.5949466243386932E-5,7.99812672536602E-7
257.0,1.313111903658053E-4,7.91973662006222E-4,0.0012855231091011582,0.0014351510388074767,1.5920384348316516E-5,7.535965590847615E-7
258.0,1.3703790480278864E-4,8.036886324314414E-4,0.0015132308211200758,0.0014387003823521794,1.5897008154275883E-5,5.73548434760726E-7
259.0,1.349924871043781E-4,7.785731821006282E-4,0.0013119116945740136,0.0014507480710462012,1.588023997557091E-5,7.322718660589212E-7
260.0,1.399610509126926E-4,7.64950207782395E-4,0.0014692142076476815,0.0014157005037526882,1.5869973350498122E-5,6.084518768299973E-7
261.0,1.4422824124295678E-4,7.631010652979709E-4,0.0014381182496011763,0.0014466155188035616,1.585306081745507E-5,8.223924401017749E-7
262.0,1.450191971284749E-4,7.943494822479372E-4,0.001426777209558585,0.0014388374991834154,1.583250479255758E-5,8.735143019708997E-7
263.0,1.38641535744695E-4,7.725051458917494E-4,0.0013664616814256308,0.0014186324546691866,1.581639981120432E-5,8.216393291246248E-7
264.0,1.391689275134406E-4,7.70915543071137E-4,0.0014011303490906748,0.001435840610674084,1.5805141692147245E-5,7.617298604867559E-7
265.0,1.446669446047467E-4,8.022608236603485E-4,0.0015074371306714861,0.0014645552123710977,1.5802487711395604E-5,7.244859474830679E-7
266.0,1.363367853633806E-4,7.95139091916857E-4,0.0014472995779669631,0.0014431232419346116,1.5814050372531492E-5,5.491328442531418E-7
267.0,1.4442774761531116E-4,8.167631346563828E-4,0.0015197764936484904,0.0014463440954182412,1.581872080207725E-5,7.302297321528713E-7
268.0,1.4001413218639146E-4,8.15256769675271E-4,0.0015904855709017484,0.001441378022210341,1.581445598515742E-5,8.001727785413737E-7
269.0,1.4078606320137472E-4,7.545735902745686E-4,0.0014838044996234156,0.0014717698009447224,1.5808850036998176E-5,7.792359293718702E-7
270.0,1.430628697616785E-4,7.926557593885506E-4,0.001429955278959795,0.001447273529268879,1.5800967240193648E-5,7.319275399309686E-7
271.0,1.4218093490030664E-4,7.77421137195035E-4,0.0015272652678593479,0.0014536013153901347,1.5803989505439067E-5,5.371219673043863E-7
272.0,1.5085109085079916E-4,7.831163469204988E-4,0.0015836693560503882,0.0014618344646862066,1.5786034835256944E-5,7.28245287952649E-7
273.0,1.335696599332725E-4,7.849232222172861E-4,0.0015514816421910316,0.0014475850846692412,1.5759526064696812E-5,8.142874861283639E-7
274.0,1.3145839079009732E-4,7.733128704886125E-4,0.0014456793504550108,0.0014479749865812881,1.5731795980404848E-5,7.961908819322912E-7
275.0,1.408049770254669E-4,7.96963355870329E-4,0.0015224937758668328,0.001449625640321034,1.570450586753275E-5,7.537724183623411E-7
276.0,1.519244996486935E-4,7.98973175990785E-4,0.00146596483698287,0.0014467784390657854,1.568943625398602E-5,5.374999054295652E-7
277.0,1.456741877246656E-4,8.124990231935947E-4,0.0015216032154989365,0.001460028471092966,1.5657141656190168E-5,7.276472999625289E-7
278.0,1.270384945572895E-4,7.422222614856228E-4,0.0013840671914435649,0.001439481750365089,1.5623701331559938E-5,8.107613368687468E-7
279.0,1.389689872235379E-4,8.206857757912389E-4,0.0014142630134004748,0.0014442062258895724,1.5589399621582413E-5,7.909267998987464E-7
280.0,1.3921559720034537E-4,7.527473846052895E-4,0.0013530614656410433,0.001421742033700027,1.5557200249244697E-5,7.453069784045928E-7
281.0,1.4730331288585977E-4,7.982007904872475E-4,0.0014497938457699274,0.001423940727391186,1.5529331532005567E-5,6.982858209200389E-7
282.0,1.4558366944815264E-4,7.36906898188569E-4,0.0014437032072154913,0.0014401058959456047,1.5506735155895503E-5,6.677138395746942E-7
283.0,1.2742275202104917E-4,7.066267369450611E-4,0.001452994935910082,0.001408585293232847,1.548534940876968E-5,6.57072355359022E-7
284.0,1.3776619055123494E-4,7.845606123125847E-4,0.0014070634076039114,0.0014181408659510472,1.5452333178555997E-5,6.6464963505503E-7
285.0,1.4951678212265092E-4,8.298334060933875E-4,0.0014613275703797913,0.001451898052686095,1.5416125300052228E-5,6.583010215278825E-7
286.0,1.3922339939463483E-4,7.602839573126183E-4,0.0013923397441777605,0.0014448072549918456,1.5370225308157426E-5,6.733314762929989E-7
287.0,1.362969448894097E-4,7.718384190635258E-4,0.0014702504296463283,0.0014363362637985436,1.531726700729472E-5,6.831417459914122E-7
288.0,1.387938631640054E-4,7.378661830161274E-4,0.0014633269452345474,0.001460369949429034,1.5259635999573973E-5,6.866983008077595E-7
289.0,1.4730699544287178E-4,7.703337989264782E-4,0.0014513152742250957,0.0014414603670074488,1.5213428065543222E-5,5.011641553099101E-7
290.0,1.4179536882001344E-4,7.904885779154102E-4,0.0015046218317034306,0.0014226315122390564,1.5133637345229751E-5,7.18147431777439E-7
291.0,1.3120543867757695E-4,7.924481888872945E-4,0.0013824149785647115,0.0014545370360671186,1.5051061104547949E-5,8.045742952623169E-7
292.0,1.4391070314963134E-4,7.617735174417306E-4,0.0014165479717455887,0.0014507101981179687,1.4968271629908517E-5,7.827515719139681E-7
293.0,1.4086237696491117E-4,7.804813306984853E-4,0.0014372825608359085,0.0014241364235898523,1.4906805387667657E-5,5.374757315052862E-7
294.0,1.3920781191442818E-4,7.820918029912312E-4,0.001379214183462909,0.0014429565192959134,1.4838339791160833E-5,7.225908974395678E-7
295.0,1.3856645883239695E-4,7.348292989359794E-4,0.0014066323770525724,0.0014396592305498518,1.477444610894919E-5,7.888176079085612E-7
296.0,1.3526278487216325E-4,8.198996804222996E-4,0.0014845087975360438,0.0014339574910695115,1.4700544175347538E-5,7.399231031884614E-7
297.0,1.290361333671087E-4,7.065856376158348E-4,0.0014204231594264734,0.0014359531458784656,1.4631211813499018E-5,6.864782994039434E-7
298.0,1.342312021214135E-4,7.447751034382734E-4,0.0013438897754913834,0.001446356172765993,1.4576890036242002E-5,4.666153301009885E-7
299.0,1.39594930578771E-4,7.218566748585312E-4,0.0014049673716130962,0.0014575623453538017,1.4501235708032234E-5,6.361272388398725E-7
300.0,1.3477071213245764E-4,7.621089802396687E-4,0.0014792343750019523,0.0014360693272799728,1.44207105353988E-5,6.968090264768002E-7
301.0,1.3754876510789978E-4,7.358438698318185E-4,0.001551227917234063,0.0014420584583795225,1.4333807890406395E-5,6.731707628561443E-7
302.0,1.3935244412760313E-4,7.468741761364897E-4,0.00155387469692187,0.0014432398970828663,1.4243658620148576E-5,6.29269671265015E-7
303.0,1.338085488091185E-4,7.327631279570877E-4,0.0014536505547768483,0.0014444067256468769,1.4166976340660349E-5,4.3958136004680257E-7
304.0,1.3481924171585292E-4,7.053655732646756E-4,0.0013456176237874203,0.0014278141826658873,1.4062342381934788E-5,6.281285269356159E-7
305.0,1.446409359792887E-4,7.79780529930515E-4,0.0014463939276848422,0.0014342471516076549,1.395520331691496E-5,6.923856366304766E-7
306.0,1.3830825517312733E-4,7.555187924676909E-4,0.0014813270085631822,0.0014459008461552231,1.3844749328394501E-5,6.573770775101592E-7
307.0,1.3738708583747134E-4,7.857381415763262E-4,0.0013893090727845432,0.0014236180023005425,1.3750536976827521E-5,4.472471582747492E-7
308.0,1.4009850433622668E-4,7.514073258519072E-4,0.00138724740744369,0.0014395306663248634,1.3634941092609234E-5,6.081998722598063E-7
309.0,1.3676359037651263E-4,7.355428191037375E-4,0.0013977889991677774,0.0014556909568130905,1.3534235389562025E-5,6.79014692683576E-7
310.0,1.327650436110411E-4,7.271836982756627E-4,0.0013604037569243201,0.0014639387573743589,1.3429900953156074E-5,6.499948854675799E-7
311.0,1.2586279125653628E-4,6.979184359753115E-4,0.0013024682142666125,0.0014518104435604824,1.3319556280629322E-5,5.893882806882444E-7
312.0,1.213923558585264E-4,6.743992678765542E-4,0.0012841718107807877,0.0014234711627992638,1.3223056398686875E-5,4.043734097264137E-7
313.0,1.4207894449692207E-4,7.766959167496595E-4,0.0013183105496332149,0.0014451019128961585,1.3111962446754504E-5,5.675673718343534E-7
314.0,1.3922413254623315E-4,8.124580882605809E-4,0.001526505410789885,0.001437589627517072,1.2993204534116742E-5,6.229186964721272E-7
315.0,1.327098477799251E-4,7.651364712539788E-4,0.0014646322027762507,0.0014597912325690868,1.2868514994530939E-5,5.998935874894714E-7
316.0,1.3806383945918317E-4,7.137391906865669E-4,0.0014261744046775132,0.0014427874012962222,1.2762686581125253E-5,4.100302055581491E-7
317.0,1.469229630317375E-4,7.541280887542587E-4,0.0015281778598035776,0.0014438184789447243,1.26384232358932E-5,5.626340300549906E-7
318.0,1.3861606972243436E-4,8.000461405539633E-4,0.0013868407780077753,0.0014396518483597229,1.253825432071207E-5,4.4529794161157874E-7
319.0,1.444554892263042E-4,7.317255293671095E-4,0.0015244704770143024,0.001451209236548856,1.2404484983127988E-5,6.536256801682768E-7
320.0,1.2897936835921245E-4,6.767249495596826E-4,0.0014132128786852852,0.0014439215575052778,1.2276749820068071E-5,6.868324372450841E-7
321.0,1.3290423199119534E-4,7.187803097193791E-4,0.0014339041254598903,0.0014583827337903749,1.2163657377394502E-5,4.504391900519538E-7
322.0,1.3068941960912045E-4,6.970753550104124E-4,0.0012698876157974247,0.0014449827619399227,1.2030182614882285E-5,5.739466309077558E-7
323.0,1.316870435518966E-4,7.561111727716611E-4,0.0014111516085018672,0.0014506119008009433,1.191840568111212E-5,4.244453351756889E-7
324.0,1.2904883153943216E-4,6.947958845446211E-4,0.0012479707368492435,0.001437116171478672,1.1784078089052144E-5,6.016824561183342E-7
325.0,1.3386578209143225E-4,7.56706910977997E-4,0.001359169477951931,0.001440500780953093,1.1670316731292266E-5,4.416111899292763E-7
326.0,1.383964989781714E-4,7.119257419254223E-4,0.0014406614162591606,0.0014360003184214838,1.1531411459946117E-5,6.025115639453512E-7
327.0,1.463767386135553E-4,7.861750628500045E-4,0.0015641552372902638,0.0014310652150241819,1.1366000534251485E-5,4.331641602075731E-7
328.0,1.3736225511532468E-4,7.280434806533793E-4,0.0014709330081385244,0.0014281618338607958,1.1241219189727315E-5,5.554710785623059E-7
329.0,1.3149820365102066E-4,7.535506243104E-4,0.001358686812472708,0.0014427889075737184,1.1135043908927178E-5,3.997031852789667E-7
330.0,1.291217381490385E-4,6.906515101290918E-4,0.0013638766497532004,0.0014377999009955603,1.100329657051785E-5,5.548400928982825E-7
331.0,1.374499281942869E-4,7.334560634731876E-4,0.0015036732320042401,0.0014336190703751707,1.0899158031399832E-5,3.9671119837907193E-7
332.0,1.4320901859416195E-4,7.535147742051963E-4,0.0014511353613255416,0.0014410677980635567,1.0763060525522293E-5,5.408166947822028E-7
333.0,1.4850866786884798E-4,7.603168943929167E-4,0.0015722801797493887,0.001445645545494614,1.0649313942418498E-5,3.8530090758218416E-7
334.0,1.4367299725120275E-4,8.040393974452003E-4,0.0015879384426763727,0.0014423997768691207,1.0506034787008586E-5,5.214842269279392E-7
335.0,1.332124462769748E-4,7.729066252062727E-4,0.0014238629546014377,0.0014438163995170485,1.0385229452985457E-5,3.763954115437177E-7
336.0,1.3384706522949057E-4,6.9803386044636E-4,0.0014112777842941694,0.001438609541326739,1.023795451762023E-5,5.120862193275921E-7
337.0,1.3827215979660257E-4,7.094586615849874E-4,0.0014033757289622622,0.0014447726614073035,1.0110563800869297E-5,3.68451934045532E-7
338.0,1.3784960826671244E-4,6.988114893353126E-4,0.001320423846563695,0.001433185603552086,9.960042208056758E-6,5.121632642931677E-7
339.0,1.4418995678330674E-4,7.436972444580948E-4,0.0014739420518055124,0.001442019698528427,9.831204868779005E-6,3.583288252969297E-7
340.0,1.387238941652133E-4,7.461456622509722E-4,0.001424501167256633,0.0014547631680763065,9.682576831513378E-6,4.787362367271686E-7
341.0,1.3432671663186617E-4,7.762570850060915E-4,0.0014279071021252826,0.0014559405781440363,9.555798975399337E-6,3.4494057059336995E-7
342.0,1.3496384998759562E-4,6.905724980284237E-4,0.001374546826824566,0.0014475190661899185,9.410137031898701E-6,4.746873844997236E-7
343.0,1.4855246580861085E-4,7.748051072580095E-4,0.0014434894120960297,0.0014581244201512349,9.249673808328378E-6,3.3562330105050137E-7
344.0,1.4426488086278252E-4,7.446431020595077E-4,0.0015499620516687723,0.0014580781521811488,9.091548324200965E-6,4.279160463770676E-7
345.0,1.424135616616715E-4,7.193237006511319E-4,0.0015036238924517028,0.0014244840077526466,8.946098330326256E-6,3.049494056793185E-7
346.0,1.4262010222293702E-4,7.201590447140636E-4,0.001494893314180452,0.0014456845358770513,8.804868811443545E-6,4.022421024985483E-7
347.0,1.4416160681249873E-4,7.219873568274925E-4,0.0014500438218969488,0.0014412221017941979,8.680943649857758E-6,2.995448401608257E-7
348.0,1.4415252972435201E-4,7.28382982676103E-4,0.0013918447043284481,0.00143862750555272,8.60765509421149E-6,2.7768034796258293E-7
349.0,1.3782060859407244E-4,7.024774618941541E-4,0.0013287684930231654,0.0014349593841351232,8.490217749694705E-6,4.633882098844108E-7
350.0,1.270404735536867E-4,6.721341060940375E-4,0.0013731829029427257,0.0014290795286655456,8.373654446657337E-6,5.146269307262347E-7
351.0,1.3019833501881815E-4,7.056140819266552E-4,0.0013633624915665072,0.0014602667125532738,8.235707250655766E-6,4.754980937990927E-7
352.0,1.326347569827195E-4,6.591712358886499E-4,0.0013527458412990493,0.001451142988849961,8.089732428809619E-6,5.784511003609497E-7
353.0,1.3463577440012237E-4,7.103695599569221E-4,0.0013096695609308726,0.0014487872506594342,7.958659771164008E-6,5.20775190729667E-7
354.0,1.4239814189728295E-4,7.667367007965189E-4,0.001497121131506965,0.0014390667337994818,7.821250520934576E-6,5.801568915072777E-7
355.0,1.4767342639604818E-4,7.932339693517484E-4,0.001592489088652687,0.0014405521466095063,7.699186229044622E-6,3.8108035823459546E-7
356.0,1.3137253685592085E-4,6.759676764232457E-4,0.0013077762025126166,0.001436264274024939,7.577258845227458E-6,3.217314456191703E-7
357.0,1.3832350939025503E-4,7.178186132629176E-4,0.0014777449123239816,0.0014344827385131247,7.438302497406815E-6,4.5212031471038925E-7
358.0,1.3534192975660756E-4,6.385046564792759E-4,0.0014485919108449391,0.0014333025711648327,7.32034271562466E-6,3.397526995707756E-7
359.0,1.3773520173544925E-4,6.73169359205738E-4,0.0013909346990070182,0.0014597384176386523,7.203824983801325E-6,2.941488521154783E-7
360.0,1.441773772239763E-4,7.247339280381284E-4,0.0015949777679002228,0.0014515383490618932,7.065070921588297E-6,4.54507249209806E-7
361.0,1.2702179235069797E-4,7.101841706411325E-4,0.0013535460117147708,0.0014125721303160069,6.9539485238915915E-6,3.3653755618814925E-7
362.0,1.3776090103960356E-4,7.494514634472772E-4,0.0014079166550162753,0.0014377884237020992,6.84172415128004E-6,2.827865708079315E-7
363.0,1.5498185558251618E-4,7.730133543953325E-4,0.0015120078702757578,0.0014300711634138465,6.730281375501089E-6,2.804451260272235E-7
364.0,1.4376755916844104E-4,7.049617573808331E-4,0.0015475762673307655,0.0014681115525140083,6.594289419134777E-6,4.875298709054403E-7
365.0,1.3898712823155648E-4,7.479257391317047E-4,0.0015330330334889883,0.0014282101312823642,6.483822689267366E-6,3.568715079281705E-7
366.0,1.3510264514771868E-4,6.658859847357604E-4,0.0013831029957368569,0.0014353570813635775,6.355007753377549E-6,4.4040405372369525E-7
367.0,1.443650658338998E-4,7.385267044984799E-4,0.0015730150490876297,0.0014683500484953041,6.246120039486235E-6,2.93340918533269E-7
368.0,1.4329779305572032E-4,7.49478254146489E-4,0.0014437581941161314,0.0014407741684448227,6.142422823014309E-6,2.4146200132526123E-7
369.0,1.3587250091269011E-4,6.776010646153379E-4,0.001365412301574644,0.0014269136209761261,6.022658707215809E-6,3.7767757071292535E-7
370.0,1.3575925358112303E-4,6.952018043655929E-4,0.0014348528080592692,0.001448613224916853,5.924321144326844E-6,2.8017703062838027E-7
371.0,1.4907471844658376E-4,7.241211940095488E-4,0.0015441988940368726,0.001423850197336905,5.823198181137667E-6,2.4579365872024E-7
372.0,1.4962644473441656E-4,7.525567178552744E-4,0.0014539100888094896,0.001406756454355948,5.725599422879025E-6,2.4719601290115547E-7
373.0,1.4186184696152925E-4,7.262202079845487E-4,0.001542772031231624,0.0014221702544738837,5.616542962198584E-6,4.232413586073961E-7
374.0,1.307596205397005E-4,6.685453549056796E-4,0.0013495596192339753,0.0014348527823235832,5.479005445023733E-6,3.206826409276177E-7
375.0,1.3584900937424927E-4,7.400277365826525E-4,0.001349766522810875,0.0014495737448004854,5.374297671356099E-6,2.5907153932764465E-7
376.0,1.3853489733543103E-4,6.872520984996527E-4,0.0012920989845588613,0.001438670470795792,5.252567657386739E-6,3.8406646430618754E-7
377.0,1.4900102389879305E-4,7.388324011842816E-4,0.0014525032169533806,0.0014379147695237605,5.151418210430651E-6,2.724236580828835E-7
378.0,1.3029023827866766E-4,6.755004596757157E-4,0.0013595737422383272,0.0014413942971191298,5.0572163343037196E-6,2.310123001220341E-7
379.0,1.4168834286454137E-4,7.287666159242077E-4,0.0014150273401405636,0.0014586189078511823,4.962466510210648E-6,2.3789456105675226E-7
380.0,1.3493236673585624E-4,7.135136692812821E-4,0.001403199138163161,0.001459564221119455,4.85354232644193E-6,4.005414035960526E-7
381.0,1.437434621595112E-4,7.35754376332983E-4,0.001410954298033956,0.0014378300752985527,4.785761073059027E-6,2.755199061081063E-7
382.0,1.4340525164430678E-4,7.469076875780597E-4,0.0015108454263541115,0.001444410970821907,4.687894216690325E-6,2.0924064332709749E-7
383.0,1.3298005591978895E-4,7.438816447623675E-4,0.0014664788661487157,0.0014338907467705071,4.558048735880862E-6,3.1598335723890755E-7
384.0,1.3789641602351044E-4,6.854406162244524E-4,0.001413765937026954,0.0014367139954104507,4.45091949868976E-6,2.160386049637717E-7
385.0,1.44882601460804E-4,6.791334398125745E-4,0.0013967278616058424,0.0014526953172494673,4.346113347326779E-6,1.8431026753894743E-7
386.0,1.381078100924196E-4,7.051020079329359E-4,0.001379184080098412,0.001458244328738671,4.2387991756467995E-6,1.9204313150701306E-7
387.0,1.329334799409749E-4,7.163017251028143E-4,0.00135379687869731,0.0014349023229345479,4.130866525682502E-6,2.0960065510993902E-7
388.0,1.495547632795949E-4,7.417866261823601E-4,0.0015771757775677152,0.001432317833891159,4.003879460383396E-6,3.4891229804563744E-7
389.0,1.4514032171454114E-4,7.660941993597498E-4,0.0015147218662373888,0.00143505454617689,3.893195376278085E-6,2.4225231813533155E-7
390.0,1.2841513359697265E-4,6.597595811625825E-4,0.0013491223723856949,0.0014417480957483225,3.767459020813433E-6,2.9199599611543455E-7
391.0,1.2973700608028717E-4,6.280953867822018E-4,0.0014481533261636978,0.0014395808365214628,3.6586530074406703E-6,1.7438469972644767E-7
392.0,1.3303051599287516E-4,6.7662714494969E-4,0.001253178752851681,0.001434713044483828,3.5580389292689484E-6,1.540107096381825E-7
393.0,1.3326512775288532E-4,6.847484297280334E-4,0.0012966061106337776,0.0014297899868751904,3.467864866950831E-6,1.8585172082477317E-7
394.0,1.3272642894091691E-4,6.843578226253509E-4,0.0013904331770994934,0.0014287737804137201,3.3715466473655343E-6,2.837608525571931E-7
395.0,1.340387308813694E-4,7.305809942640229E-4,0.0014224690514295967,0.0014189991108994558,3.294633639600602E-6,2.044230123375063E-7
396.0,1.3537394399159363E-4,7.585002815504915E-4,0.0014584320900202015,0.0014331449270469539,3.2136343568045574E-6,1.6406418950837113E-7
397.0,1.4138863336261672E-4,6.732312475068833E-4,0.001425496615871571,0.0014449497323808472,3.126741766541972E-6,2.480317517090562E-7
398.0,1.5527099785594988E-4,7.334585690041131E-4,0.0014976448237026942,0.0014743846482054245,3.058892709691103E-6,1.705064211989193E-7
399.0,1.4511885630162798E-4,7.12908579321447E-4,0.0014744043762004518,0.001453601091740969,2.9930389459064537E-6,1.4696258448356017E-7
400.0,1.381064005517995E-4,7.059191526681292E-4,0.001526739016677592,0.001436882447527867,2.9247071937358775E-6,2.4183423129032937E-7
401.0,1.330461360101414E-4,6.763088982480637E-4,0.0013767528751172464,0.0014264355709803576,2.8644869241898703E-6,1.712622642655027E-7
402.0,1.3588764329805733E-4,6.722488812298201E-4,0.0013975441124769578,0.001414893760838214,2.808308160282722E-6,1.4799752738131163E-7
403.0,1.4309292722338517E-4,6.586084899589902E-4,0.0014836950292039966,0.0014143774339866054,2.744335084640276E-6,2.318392888644239E-7
404.0,1.4660805008867803E-4,6.663607563129172E-4,0.00150482058675679,0.0014291456917785192,2.6928058490193155E-6,1.661970725411949E-7
405.0,1.445462472746403E-4,7.242220297540197E-4,0.0013593731825412882,0.001439813342202769,2.641675645631655E-6,1.429136562750552E-7
406.0,1.3181816503636962E-4,6.577090812780288E-4,0.001429136524558754,0.0014472470517055836,2.5831696636039513E-6,2.3322470775114365E-7
407.0,1.3454931747624335E-4,7.135156491444368E-4,0.0014405340421324447,0.0014295930390575908,2.5376335063839535E-6,1.6080950758631132E-7
408.0,1.5394744535479594E-4,7.418225309071337E-4,0.001518883479918905,0.001427773536082207,2.4947909312556744E-6,1.372792877820069E-7
409.0,1.3891814848509109E-4,6.647531739309265E-4,0.0014529538240885935,0.0014385689150000361,2.451205945249035E-6,1.4211067036861075E-7
410.0,1.4186113002914093E-4,7.068570597033627E-4,0.0015510020105775186,0.001435801786039665,2.408165504568291E-6,1.5933654053139246E-7
411.0,1.5753863903586462E-4,7.420477764509717E-4,0.0015996010632421001,0.0014359576472359977,2.367903761566392E-6,1.8342717835196988E-7
412.0,1.4908543330980226E-4,7.571229304367804E-4,0.0014237473422313751,0.0014468751195747815,2.3280617037089487E-6,2.0520421273237438E-7
413.0,1.3901092415814748E-4,6.779339044384879E-4,0.001450128830459884,0.0014139451457743197,2.288200904385396E-6,2.290525218127764E-7
414.0,1.4059410589156013E-4,6.710297128708693E-4,0.0013045389844289017,0.0014198119800579844,2.230057656634603E-6,3.710691151607574E-7
415.0,1.3052199420311884E-4,6.915812118147017E-4,0.0014118421900525004,0.00142508648354447,2.1916721999606118E-6,2.5250821882452746E-7
416.0,1.3681645704600534E-4,7.156903219101072E-4,0.0013901263905259252,0.0014219512383646432,2.157314456765989E-6,1.785302005974439E-7
417.0,1.402412184420263E-4,6.981696699532364E-4,0.0014368129520208335,0.001434180078363104,2.1275991619255016E-6,1.470505456069466E-7
418.0,1.3195227829445553E-4,7.023041962274941E-4,0.001276314989437675,0.0014138503060870283,2.0853103495376808E-6,2.3272247354609686E-7
419.0,1.3023904809767475E-4,6.884357473900119E-4,0.001339904274794521,0.001406296515420567,2.0625849501296924E-6,1.6026182084192957E-7
420.0,1.3112864892113102E-4,6.864167510682352E-4,0.001407912988699698,0.0014093091563568126,2.0389265430293424E-6,1.335762306255515E-7
421.0,1.3891517423726132E-4,6.843914792984162E-4,0.0014257429316984547,0.0014103894745937956,2.016349919988637E-6,1.7828569507978112E-7
422.0,1.41624413629392E-4,7.024542370669725E-4,0.0013741484435032467,0.0014336272316169316,1.9930054650004854E-6,1.9705696129169272E-7
423.0,1.356013512556875E-4,6.652802351468509E-4,0.0013341805914489154,0.0014272063414921068,1.9757026475286595E-6,2.051054395514417E-7
424.0,1.3061208994907017E-4,6.911208752393925E-4,0.0013047963213434909,0.0014174035200521164,1.9499707683389307E-6,2.0849015735813694E-7
425.0,1.3558221926914774E-4,6.672177646005517E-4,0.0013434168746250523,0.0014292772151212317,1.9263384766364435E-6,2.1199370540552256E-7
426.0,1.345359525164088E-4,6.831124855310428E-4,0.0013401925426514026,0.0014298535149652543,1.9014429846811763E-6,2.1413401768491E-7
427.0,1.3244495266636193E-4,6.893314427452713E-4,0.0013463659338941406,0.0014385470398580265,1.8648062170659433E-6,2.1091794649221278E-7
428.0,1.316772098982619E-4,6.80369270223759E-4,0.0013252816127419602,0.001436741211948194,1.8398025618053928E-6,2.0391701536007936E-7
429.0,1.2552788905082532E-4,6.522151815076015E-4,0.0013420622534174853,0.0014155541422235145,1.8179473151578914E-6,1.9212798862606555E-7
430.0,1.3388608216638494E-4,6.860382360220847E-4,0.0013290562916141847,0.0014207625436203357,1.795933392584014E-6,1.6610771064036485E-7
431.0,1.346662141614086E-4,6.828335682656684E-4,0.0014198779416801626,0.0014310160534658813,1.770203908449427E-6,1.6029349533371397E-7
432.0,1.2765041811637E-4,6.915030119556954E-4,0.001371256000426634,0.001449514283114359,1.7474685193473653E-6,1.5945485219827648E-7
433.0,1.2665168413191402E-4,6.816961705735001E-4,0.0012347746503212063,0.0014289493120149333,1.7214387283046236E-6,1.5195392552163807E-7
434.0,1.378399150909177E-4,6.888547374752081E-4,0.0013629360474995552,0.0014233979323332426,1.6993797433037033E-6,1.537530559264534E-7
435.0,1.4857001686685193E-4,7.51533003117064E-4,0.0014939603625592735,0.001424698764257889,1.6766231353798605E-6,1.4757866382165785E-7
436.0,1.3507656699847715E-4,6.752325241030145E-4,0.0013892246250781905,0.0014421953822766546,1.6552187224940281E-6,1.437798266185531E-7
437.0,1.3512049163719213E-4,7.23981234231572E-4,0.0013571818218117565,0.0014348641363504779,1.6396181786211742E-6,1.3856268458858614E-7
438.0,1.331383206770796E-4,7.060433790745882E-4,0.0013231962365721076,0.0014448686693328203,1.6205328906022712E-6,1.359415365314014E-7
439.0,1.3559067894743017E-4,6.914035885540415E-4,0.001296433236491029,0.001441041449642422,1.6039778886477367E-6,1.31732828644796E-7
440.0,1.4291680807497186E-4,7.554714966168327E-4,0.0014552135599013498,0.001427665172538164,1.575447251265361E-6,1.2746774444052665E-7
441.0,1.4289747614927985E-4,7.246678452951783E-4,0.0014063287683373272,0.0014438190632706496,1.5567158295289447E-6,1.2548233829487395E-7
442.0,1.3738544378247844E-4,6.941019757353378E-4,0.001426403062258102,0.0014616581635581477,1.5400243658250101E-6,1.209927479724959E-7
443.0,1.3432430280734738E-4,6.756929520121951E-4,0.0013301570861172592,0.0014345869407574258,1.5191504283638224E-6,1.1889050488925651E-7
444.0,1.4208005820196101E-4,7.015694502597742E-4,0.0014673226559776917,0.0014204107830789606,1.503621468485836E-6,1.1545199996416461E-7
445.0,1.383826160754339E-4,6.219935832104603E-4,0.0012954840385467905,0.0014384670146489057,1.4862374175628745E-6,1.1521490555237202E-7
446.0,1.3951564565097384E-4,7.563413599751639E-4,0.0014041827166323653,0.0014410158915053582,1.4763237538725685E-6,1.1068663165620034E-7
447.0,1.4127960591018264E-4,7.137225733983599E-4,0.0014263276391957031,0.001437710103860061,1.4631395454270463E-6,1.1212594672120427E-7
448.0,1.4191610695142573E-4,6.985061397976257E-4,0.001435300479804055,0.0014178122449081433,1.4555245219745465E-6,1.094346362058657E-7
449.0,1.3339008253714758E-4,6.865125232675197E-4,0.001450015211137375,0.0014396647451690185,1.4403401132805127E-6,1.0816925027801425E-7
450.0,1.359366270614203E-4,7.025783195991447E-4,0.0013519515650376075,0.0014339905693165219,1.4280573267330875E-6,1.0650522664417376E-7
451.0,1.4646684471432663E-4,7.08399846000184E-4,0.0013585713218385734,0.0014240836570553201,1.416497849769899E-6,1.0649821320510674E-7
452.0,1.371695195651753E-4,6.648384134164953E-4,0.0014476641751014626,0.0014003947296954663,1.3971288271036065E-6,1.0489554283784949E-7
453.0,1.2753131597303735E-4,7.105432306560638E-4,0.0014157405489961116,0.0014292198135365253,1.3892810020684846E-6,1.0680504108824334E-7
454.0,1.3533402740030043E-4,7.062397120234599E-4,0.0014281675611715016,0.0014455976250525276,1.3722291206257747E-6,1.0662682808561704E-7
455.0,1.4476252655816818E-4,7.06576691212465E-4,0.0014644215605560144,0.0014418767585552279,1.3543762109884157E-6,1.0677770880700798E-7
456.0,1.436445031728709E-4,6.868007255510819E-4,0.0014358284050743034,0.0014250754364506647,1.336434021129482E-6,1.0389564810858269E-7
457.0,1.4426622009038354E-4,6.896642894982667E-4,0.0014196515719471054,0.0014371460013908126,1.3244553130747373E-6,1.0595169491702302E-7
458.0,1.3427897099271797E-4,6.819820014103125E-4,0.0015577019808409515,0.0014487063615657055,1.3045408612131707E-6,1.0432900377671593E-7
459.0,1.357390066615358E-4,6.224967727050625E-4,0.0012939040387258815,0.0014253220248061505,1.2856505750030902E-6,1.0523975715040723E-7
460.0,1.3678481531607332E-4,6.826887044107384E-4,0.0013786802029263747,0.0014231884431767264,1.271432965038976E-6,1.0437901191725513E-7
461.0,1.3025422690468393E-4,6.843355635922869E-4,0.001310122368878259,0.0014330057556547785,1.251599576425079E-6,1.0516545345953117E-7
462.0,1.3694455634792485E-4,6.890555052126352E-4,0.001348744672953504,0.001420369953996264,1.2385803255127044E-6,1.040080975936609E-7
463.0,1.339960730468427E-4,6.949491363045693E-4,0.0013721990405351108,0.001411646784336631,1.2174569716334928E-6,1.0293274129120046E-7
464.0,1.2919474100742817E-4,7.036666358868985E-4,0.0013117081377813265,0.0014414679817493987,1.2025623983999763E-6,1.0356615947395617E-7
465.0,1.2154490296950623E-4,6.459936682830893E-4,0.0012687309105309992,0.0014433253527581593,1.1853233354466843E-6,9.912608817921127E-8
466.0,1.3823886453598016E-4,6.733251508755528E-4,0.0013277085137655931,0.0014184540850322488,1.172290072037583E-6,9.900202184398594E-8
467.0,1.389703880397434E-4,6.674002539227776E-4,0.0013332968156498169,0.0014269205756346883,1.1543247342502257E-6,9.628407797661077E-8
468.0,1.4053665863045445E-4,7.226605902973134E-4,0.0013519119904797149,0.0014328683674301884,1.1334857546523524E-6,9.682723692419284E-8
469.0,1.3187223890869028E-4,7.018423611985571E-4,0.0013260477791279422,0.0014282133887950808,1.1238286903860935E-6,9.635334413051866E-8
470.0,1.3242273632364638E-4,6.871804874994291E-4,0.0013855936991366614,0.0014154591886495857,1.1045240718082216E-6,9.486432990016834E-8
471.0,1.422567629182068E-4,6.805499185807819E-4,0.001391992586669697,0.001431076439269507,1.082138289698571E-6,9.460651290433429E-8
472.0,1.5057237181972108E-4,7.466228825477439E-4,0.001523215558821384,0.0014279445040208736,1.065963285413631E-6,9.206194040490294E-8
473.0,1.413239201772387E-4,7.314273713799254E-4,0.001333816182334568,0.0014337092867812967,1.0547674373609849E-6,9.146005881019366E-8
474.0,1.3080043060293954E-4,6.61175584471763E-4,0.0013831701853044623,0.0014343451064312155,1.0376750157615842E-6,8.884598305347379E-8
475.0,1.2606639551645117E-4,6.917337421038364E-4,0.001335780317027416,0.0014253946302268217,1.0187783803514435E-6,9.280611474835302E-8
476.0,1.2798248892728829E-4,6.319642186379258E-4,0.00136237319692815,0.0014141496587618597,9.939131350728622E-7,8.788663828727679E-8
477.0,1.385069008771914E-4,6.789284863579525E-4,0.001318350153419446,0.0014054607919337068,9.787258983621997E-7,8.785246202664216E-8
478.0,1.3215565816434522E-4,6.352717066856518E-4,0.0012371569978620214,0.0014192927665345556,9.635153447537258E-7,8.867233716815043E-8
479.0,1.3764533100210644E-4,6.95000615686329E-4,0.0014127901453428163,0.0014324381335313443,9.471653278255296E-7,1.5420471115159376E-7
480.0,1.3886069114672395E-4,7.355958712112518E-4,0.0014572455874805829,0.0014083657411841563,9.301019923949064E-7,1.734990118220697E-7
481.0,1.3813175606598813E-4,7.06627267083036E-4,0.001404597669644457,0.0014325341886285267,9.051151164109952E-7,1.7007516233720988E-7
482.0,1.3167667408901874E-4,6.344833637346775E-4,0.0013598438547692947,0.0014494244024698684,8.917111511757501E-7,1.6285206290010284E-7
483.0,1.419297279634492E-4,6.955738372270102E-4,0.0013028882318292996,0.0014374546031045976,8.815495688677979E-7,1.5373032527148364E-7
484.0,1.293887511274861E-4,7.625462953920815E-4,0.0013299405280470054,0.001430663407903287,8.622924678068336E-7,1.4731554385701158E-7
485.0,1.2596016739809096E-4,6.390073790842008E-4,0.0013185348217724234,0.0014291527574961348,8.469051271082816E-7,1.4100863897373296E-7
486.0,1.419835136619601E-4,6.840940609589101E-4,0.0013029753383573272,0.0014334411749141111,8.478227573251263E-7,1.332797040435215E-7
487.0,1.2775388545612084E-4,6.454387481065044E-4,0.0013866663498206902,0.0014304158492091145,8.331178725463872E-7,1.2756036768849598E-7
488.0,1.3068251823936244E-4,7.069356171778081E-4,0.0013824087179119795,0.0014366906312522115,8.11993688620127E-7,1.2162636090763476E-7
489.0,1.244398855292666E-4,6.78891174592703E-4,0.0013147475698692456,0.001411054450242068,8.143548203496726E-7,1.160270589457022E-7
490.0,1.265465593154679E-4,6.886921794999172E-4,0.001293242082760904,0.0014218282573324158,7.871582845737493E-7,1.1436923588026683E-7
491.0,1.371207833723736E-4,6.914344314808881E-4,0.0013071975943800055,0.001419953076670791,7.896148405426238E-7,1.0811960247252787E-7
492.0,1.309113162005351E-4,6.819917392598545E-4,0.0013118845235341409,0.0014352021314980314,7.795193020537642E-7,1.0340840661741896E-7
493.0,1.3192679706874042E-4,6.565398565370569E-4,0.0013871007119891684,0.0014195935335459544,7.65957829654981E-7,7.83463333761257E-8
494.0,1.4091938390649986E-4,7.062266330065121E-4,0.001442180915621395,0.0014299584787192555,7.674454966845789E-7,7.900281912981679E-8
495.0,1.3433863924815535E-4,6.850704358538698E-4,0.0013795124532553385,0.0014096455066963797,7.458872442255109E-7,8.024636082985373E-8
496.0,1.2933674005094234E-4,6.707810597478166E-4,0.0013985644260360909,0.0014091424822959729,7.519761445004282E-7,7.927761613309969E-8
497.0,1.240453311482838E-4,6.51100484693276E-4,0.0013381628349770787,0.0014069069602853925,7.311643022381711E-7,8.906952746986076E-8
498.0,1.3515448826637193E-4,6.844867709775546E-4,0.0013142833431087585,0.0014109164160658549,7.262003738103368E-7,7.567335974287492E-8
499.0,1.2669274834857503E-4,6.866470559193679E-4,0.0013323788228994998,0.0014395517911274952,7.188549989403102E-7,7.710121213163456E-8
500.0,1.2800861010098128E-4,6.643086522295516E-4,0.001310569412272282,0.0014224700294308255,7.141374240537655E-7,7.632592134703993E-8
